ax,ay,az,prob1,prob2,prob3,movementLabel,infer_time
0.1541,-0.6838,0.6774,0.3228,0.3485,0.3286,jalar,0.0
0.1544,-0.6844,0.6812,0.3228,0.3485,0.3286,jalar,0.0
0.157,-0.6846,0.6788,0.3228,0.3485,0.3286,jalar,0.0
0.1553,-0.684,0.6783,0.3228,0.3485,0.3286,jalar,0.0
0.1555,-0.6838,0.6781,0.3228,0.3485,0.3286,jalar,0.0
0.1544,-0.6842,0.6738,0.3228,0.3485,0.3286,jalar,0.0
0.153,-0.6824,0.6722,0.3228,0.3485,0.3286,jalar,0.0
0.1548,-0.6804,0.6721,0.3228,0.3485,0.3286,jalar,0.0
0.1547,-0.6788,0.6697,0.3228,0.3485,0.3286,jalar,0.0
0.156,-0.6781,0.6674,0.3228,0.3485,0.3286,jalar,0.0
0.1536,-0.6753,0.6666,0.3228,0.3485,0.3286,jalar,0.0
0.1521,-0.67,0.6611,0.3228,0.3485,0.3286,jalar,0.0
0.149,-0.6709,0.6577,0.3228,0.3485,0.3286,jalar,0.0
0.1505,-0.6722,0.6555,0.3228,0.3485,0.3286,jalar,0.0
0.1538,-0.6704,0.6549,0.3228,0.3485,0.3286,jalar,0.0
0.1541,-0.6699,0.6584,0.3228,0.3485,0.3286,jalar,0.0
0.1554,-0.6697,0.6622,0.3228,0.3485,0.3286,jalar,0.0
0.156,-0.6742,0.6664,0.3228,0.3485,0.3286,jalar,0.0
0.1559,-0.6753,0.6737,0.3228,0.3485,0.3286,jalar,0.0
0.1593,-0.6714,0.6782,0.3228,0.3485,0.3286,jalar,0.0
0.1597,-0.6737,0.6809,0.3228,0.3485,0.3286,jalar,0.0
0.1611,-0.6798,0.6858,0.3228,0.3485,0.3286,jalar,0.0
0.1644,-0.6855,0.688,0.3228,0.3485,0.3286,jalar,0.0
0.1635,-0.6871,0.6853,0.3228,0.3485,0.3286,jalar,0.0
0.1614,-0.6868,0.6812,0.3228,0.3485,0.3286,jalar,0.0
0.1614,-0.6881,0.6779,0.3228,0.3485,0.3286,jalar,0.0
0.1626,-0.6884,0.6793,0.3228,0.3485,0.3286,jalar,0.0
0.1632,-0.6865,0.6852,0.3228,0.3485,0.3286,jalar,0.0
0.1656,-0.6913,0.6907,0.3228,0.3485,0.3286,jalar,0.0
0.1693,-0.6934,0.6942,0.3228,0.3485,0.3286,jalar,0.0
0.1677,-0.6943,0.6956,0.3228,0.3485,0.3286,jalar,0.0
0.1697,-0.6949,0.6949,0.3228,0.3485,0.3286,jalar,0.0
0.1707,-0.6951,0.691,0.3228,0.3485,0.3286,jalar,0.0
0.1669,-0.6921,0.6824,0.3228,0.3485,0.3286,jalar,0.0
0.1626,-0.6858,0.6722,0.3228,0.3485,0.3286,jalar,0.0
0.1636,-0.6826,0.6661,0.3228,0.3485,0.3286,jalar,0.0
0.1591,-0.6793,0.6605,0.3228,0.3485,0.3286,jalar,0.0
0.1597,-0.6752,0.6564,0.3228,0.3485,0.3286,jalar,0.0
0.1597,-0.6757,0.6552,0.3228,0.3485,0.3286,jalar,0.0
0.1599,-0.6768,0.6573,0.3228,0.3485,0.3286,jalar,0.0
0.1615,-0.682,0.6615,0.3228,0.3485,0.3286,jalar,0.0
0.1611,-0.6837,0.6665,0.3228,0.3485,0.3286,jalar,0.0
0.162,-0.6835,0.6642,0.3228,0.3485,0.3286,jalar,0.0
0.1652,-0.6809,0.6678,0.3228,0.3485,0.3286,jalar,0.0
0.167,-0.6863,0.6722,0.3228,0.3485,0.3286,jalar,0.0
0.1653,-0.6887,0.6799,0.3228,0.3485,0.3286,jalar,0.0
0.1683,-0.6843,0.6829,0.3228,0.3485,0.3286,jalar,0.0
0.1688,-0.6837,0.683,0.3228,0.3485,0.3286,jalar,0.0
0.1703,-0.6851,0.6841,0.3228,0.3485,0.3286,jalar,0.0
0.1718,-0.6892,0.6887,0.3228,0.3485,0.3286,jalar,0.0
0.1729,-0.6885,0.6881,0.3228,0.3485,0.3286,jalar,0.0
0.1708,-0.6869,0.6855,0.3228,0.3485,0.3286,jalar,0.0
0.1711,-0.6853,0.6832,0.3228,0.3485,0.3286,jalar,0.0
0.1719,-0.6895,0.6803,0.3228,0.3485,0.3286,jalar,0.0
0.1698,-0.693,0.677,0.3228,0.3485,0.3286,jalar,0.0
0.1666,-0.6881,0.673,0.3228,0.3485,0.3286,jalar,0.0
0.1658,-0.6788,0.6703,0.3228,0.3485,0.3286,jalar,0.0
0.1622,-0.6722,0.6642,0.3228,0.3485,0.3286,jalar,0.0
0.1609,-0.674,0.6608,0.3228,0.3485,0.3286,jalar,0.0
0.1627,-0.684,0.6649,0.3228,0.3485,0.3286,jalar,0.0
0.1633,-0.6848,0.668,0.3228,0.3485,0.3286,jalar,0.0
0.1633,-0.6785,0.6697,0.3228,0.3485,0.3286,jalar,0.0
0.1615,-0.6758,0.6665,0.3228,0.3485,0.3286,jalar,0.0
0.1587,-0.6727,0.662,0.3228,0.3485,0.3286,jalar,0.0
0.1576,-0.6693,0.6577,0.3228,0.3485,0.3286,jalar,0.0
0.1558,-0.665,0.6521,0.3228,0.3485,0.3286,jalar,0.0
0.15,-0.6617,0.6407,0.3228,0.3485,0.3286,jalar,0.0
0.1495,-0.6609,0.6326,0.3228,0.3485,0.3286,jalar,0.0
0.1552,-0.6647,0.6332,0.3228,0.3485,0.3286,jalar,0.0
0.1548,-0.6648,0.6373,0.3228,0.3485,0.3286,jalar,0.0
0.1597,-0.6646,0.6501,0.3228,0.3485,0.3286,jalar,0.0
0.1656,-0.6709,0.6646,0.3228,0.3485,0.3286,jalar,0.0
0.1669,-0.6755,0.6788,0.3228,0.3485,0.3286,jalar,0.0
0.1686,-0.6809,0.6897,0.3228,0.3485,0.3286,jalar,0.0
0.1741,-0.688,0.7025,0.3228,0.3485,0.3286,jalar,0.0
0.1743,-0.6956,0.7129,0.3228,0.3485,0.3286,jalar,0.0
0.1741,-0.7002,0.7183,0.3228,0.3485,0.3286,jalar,0.0
0.1722,-0.6987,0.7227,0.3228,0.3485,0.3286,jalar,0.0
0.1725,-0.6974,0.7212,0.3228,0.3485,0.3286,jalar,0.0
0.1716,-0.697,0.7192,0.3228,0.3485,0.3286,jalar,0.0
0.1711,-0.7004,0.7136,0.3228,0.3485,0.3286,jalar,0.0
0.1678,-0.7,0.7075,0.3228,0.3485,0.3286,jalar,0.0
0.1711,-0.697,0.704,0.3228,0.3485,0.3286,jalar,0.0
0.1715,-0.6956,0.6942,0.3228,0.3485,0.3286,jalar,0.0
0.1688,-0.6947,0.6886,0.3228,0.3485,0.3286,jalar,0.0
0.17,-0.6931,0.6823,0.3228,0.3485,0.3286,jalar,0.0
0.1678,-0.6892,0.6769,0.3228,0.3485,0.3286,jalar,0.0
0.1671,-0.6858,0.6724,0.3228,0.3485,0.3286,jalar,0.0
0.1682,-0.6857,0.6708,0.3228,0.3485,0.3286,jalar,0.0
0.1692,-0.6837,0.6661,0.3228,0.3485,0.3286,jalar,0.0
0.1681,-0.6855,0.6631,0.3228,0.3485,0.3286,jalar,0.0
0.1675,-0.6876,0.6602,0.3228,0.3485,0.3286,jalar,0.0
0.1677,-0.6844,0.6581,0.3228,0.3485,0.3286,jalar,0.0
0.1675,-0.6846,0.6606,0.3228,0.3485,0.3286,jalar,0.0
0.1672,-0.6819,0.6611,0.3228,0.3485,0.3286,jalar,0.0
0.1682,-0.6807,0.6605,0.3228,0.3485,0.3286,jalar,0.0
0.1675,-0.6838,0.6613,0.3228,0.3485,0.3286,jalar,0.0
0.1688,-0.6846,0.6583,0.3228,0.3485,0.3286,jalar,0.0
0.1681,-0.6846,0.6578,0.3228,0.3485,0.3286,jalar,0.0
0.1675,-0.6821,0.6571,0.3228,0.3485,0.3286,jalar,0.0
0.1664,-0.6804,0.6604,0.3228,0.3485,0.3286,jalar,0.0
0.1669,-0.6813,0.6658,0.3228,0.3485,0.3286,jalar,0.0
0.1669,-0.6818,0.6713,0.3228,0.3485,0.3286,jalar,0.0
0.1661,-0.6831,0.6758,0.3228,0.3485,0.3286,jalar,0.0
0.1671,-0.6854,0.6819,0.3228,0.3485,0.3286,jalar,0.0
0.1683,-0.6848,0.6847,0.3228,0.3485,0.3286,jalar,0.0
0.1687,-0.6836,0.6886,0.3228,0.3485,0.3286,jalar,0.0
0.1676,-0.6812,0.6897,0.3228,0.3485,0.3286,jalar,0.0
0.168,-0.6838,0.6915,0.3228,0.3485,0.3286,jalar,0.0
0.1672,-0.6896,0.6927,0.3228,0.3485,0.3286,jalar,0.0
0.167,-0.6907,0.6913,0.3228,0.3485,0.3286,jalar,0.0
0.165,-0.6866,0.6897,0.3228,0.3485,0.3286,jalar,0.0
0.1655,-0.6858,0.6876,0.3228,0.3485,0.3286,jalar,0.0
0.1643,-0.6899,0.6847,0.3228,0.3485,0.3286,jalar,0.0
0.1631,-0.6924,0.684,0.3228,0.3485,0.3286,jalar,0.0
0.1631,-0.6866,0.6812,0.3228,0.3485,0.3286,jalar,0.0
0.1635,-0.6815,0.6801,0.3228,0.3485,0.3286,jalar,0.0
0.1635,-0.6796,0.678,0.3228,0.3485,0.3286,jalar,0.0
0.1598,-0.6781,0.677,0.3228,0.3485,0.3286,jalar,0.0
0.1577,-0.6765,0.6749,0.3228,0.3485,0.3286,jalar,0.0
0.1575,-0.6768,0.6742,0.3228,0.3485,0.3286,jalar,0.0
0.1583,-0.6779,0.6721,0.3228,0.3485,0.3286,jalar,0.0
0.1575,-0.6813,0.6709,0.3228,0.3485,0.3286,jalar,0.0
0.1578,-0.6785,0.6697,0.3228,0.3485,0.3286,jalar,0.0
0.1561,-0.6758,0.6707,0.3228,0.3485,0.3286,jalar,0.0
0.1578,-0.6783,0.6742,0.3228,0.3485,0.3286,jalar,0.0
0.1582,-0.6859,0.6818,0.3228,0.3485,0.3286,jalar,0.0
0.157,-0.6852,0.6863,0.3228,0.3485,0.3286,jalar,0.0
0.1583,-0.6843,0.6912,0.3228,0.3485,0.3286,jalar,0.0
0.158,-0.6874,0.6891,0.3228,0.3485,0.3286,jalar,0.0
0.157,-0.6896,0.6853,0.3228,0.3485,0.3286,jalar,0.0
0.1578,-0.6849,0.6819,0.3228,0.3485,0.3286,jalar,0.0
0.1575,-0.6842,0.6802,0.3228,0.3485,0.3286,jalar,0.0
0.1555,-0.6836,0.6801,0.3228,0.3485,0.3286,jalar,0.0
0.1583,-0.6838,0.6827,0.3228,0.3485,0.3286,jalar,0.0
0.1616,-0.6876,0.6854,0.3228,0.3485,0.3286,jalar,0.0
0.1614,-0.6896,0.6876,0.3228,0.3485,0.3286,jalar,0.0
0.1616,-0.6912,0.6847,0.3228,0.3485,0.3286,jalar,0.0
0.1624,-0.6846,0.6816,0.3228,0.3485,0.3286,jalar,0.0
0.1621,-0.684,0.6853,0.3228,0.3485,0.3286,jalar,0.0
0.1633,-0.687,0.6885,0.3228,0.3485,0.3286,jalar,0.0
0.1646,-0.688,0.6888,0.3228,0.3485,0.3286,jalar,0.0
0.1647,-0.6895,0.6863,0.3228,0.3485,0.3286,jalar,0.0
0.1627,-0.6931,0.6842,0.3228,0.3485,0.3286,jalar,0.0
0.1625,-0.6932,0.6826,0.3228,0.3485,0.3286,jalar,0.0
0.1655,-0.6931,0.6792,0.3228,0.3485,0.3286,jalar,0.0
0.1631,-0.6908,0.6763,0.3228,0.3485,0.3286,jalar,0.0
0.1631,-0.6885,0.671,0.3228,0.3485,0.3286,jalar,0.0
0.1633,-0.6863,0.6652,0.3228,0.3485,0.3286,jalar,0.0
0.1637,-0.6892,0.6624,0.3228,0.3485,0.3286,jalar,0.0
0.1646,-0.6919,0.6626,0.3228,0.3485,0.3286,jalar,0.0
0.1647,-0.6849,0.6624,0.3228,0.3485,0.3286,jalar,0.0
0.1631,-0.6821,0.6616,0.3228,0.3485,0.3286,jalar,0.0
0.1636,-0.6871,0.6611,0.3228,0.3485,0.3286,jalar,0.0
0.1637,-0.6884,0.6602,0.3228,0.3485,0.3286,jalar,0.0
0.1655,-0.6887,0.6588,0.3228,0.3485,0.3286,jalar,0.0
0.1641,-0.6924,0.6595,0.3228,0.3485,0.3286,jalar,0.0
0.1625,-0.6915,0.6675,0.3228,0.3485,0.3286,jalar,0.0
0.1638,-0.6862,0.6729,0.3228,0.3485,0.3286,jalar,0.0
0.1609,-0.6887,0.6798,0.3228,0.3485,0.3286,jalar,0.0
0.1619,-0.6936,0.6838,0.3228,0.3485,0.3286,jalar,0.0
0.1642,-0.6946,0.6907,0.3228,0.3485,0.3286,jalar,0.0
0.1656,-0.6963,0.6981,0.3228,0.3485,0.3286,jalar,0.0
0.1654,-0.6948,0.7001,0.3228,0.3485,0.3286,jalar,0.0
0.1689,-0.6879,0.6941,0.3228,0.3485,0.3286,jalar,0.0
0.1838,-0.6855,0.6786,0.3228,0.3485,0.3286,jalar,0.0
0.224,-0.688,0.6393,0.3228,0.3485,0.3286,jalar,0.0
0.3123,-0.7052,0.5438,0.3228,0.3485,0.3286,jalar,0.0
0.4319,-0.7228,0.2843,0.3228,0.3485,0.3286,jalar,0.0
0.5055,-0.7395,-0.2559,0.3228,0.3485,0.3286,jalar,0.0
0.5919,-0.5707,-1.1675,0.3228,0.3485,0.3286,jalar,0.0
0.6582,-0.1744,-2.142,0.3228,0.3485,0.3286,jalar,0.0
0.9022,0.3346,-3.089,0.3228,0.3485,0.3286,jalar,0.0
0.8688,0.5815,-3.4589,0.3228,0.3485,0.3286,jalar,0.0
0.698,0.137,-3.3239,0.3228,0.3485,0.3286,jalar,0.0
0.7045,-0.2429,-2.9862,0.3228,0.3485,0.3286,jalar,0.0
0.9431,-0.5845,-1.7473,0.3228,0.3485,0.3286,jalar,0.0
1.5697,-0.7806,0.1132,0.3228,0.3485,0.3286,jalar,0.0
2.1503,-0.855,2.5635,0.3228,0.3485,0.3286,jalar,0.0
2.368,-0.4269,3.9995,0.3228,0.3485,0.3286,jalar,0.0
1.5125,-0.2974,3.9995,0.3228,0.3485,0.3286,jalar,0.0
0.3861,-0.6843,3.9995,0.3228,0.3485,0.3286,jalar,0.0
-0.1207,-0.6477,3.9995,0.3228,0.3485,0.3286,jalar,0.0
-0.4658,-0.2986,3.9995,0.3228,0.3485,0.3286,jalar,0.0
-0.6649,-0.2094,3.9995,0.3228,0.3485,0.3286,jalar,0.0
-0.8645,-0.1666,3.9995,0.3228,0.3485,0.3286,jalar,0.0
-0.7839,-0.0852,3.1119,0.3228,0.3485,0.3286,jalar,0.0
-0.5663,0.1127,1.864,0.3228,0.3485,0.3286,jalar,0.0
-0.2703,0.4073,0.8539,0.3228,0.3485,0.3286,jalar,0.0
0.0494,0.6053,0.0112,0.3228,0.3485,0.3286,jalar,0.0
0.3153,0.639,-0.6302,0.3228,0.3485,0.3286,jalar,0.0
0.5835,0.546,-1.1019,0.3228,0.3485,0.3286,jalar,0.0
0.8954,0.3948,-1.4312,0.3228,0.3485,0.3286,jalar,0.0
1.2267,0.1791,-1.6447,0.3228,0.3485,0.3286,jalar,0.0
1.468,-0.0817,-1.7972,0.3228,0.3485,0.3286,jalar,0.0
1.5424,-0.3303,-1.9189,0.3228,0.3485,0.3286,jalar,0.0
1.5358,-0.506,-1.9647,0.3228,0.3485,0.3286,jalar,0.0
1.5044,-0.6088,-1.9055,0.3228,0.3485,0.3286,jalar,0.0
1.4323,-0.673,-1.7399,0.3228,0.3485,0.3286,jalar,0.0
1.3121,-0.6566,-1.4852,0.3228,0.3485,0.3286,jalar,0.0
1.1615,-0.6188,-1.1798,0.3228,0.3485,0.3286,jalar,0.0
0.9899,-0.5941,-0.83,0.3228,0.3485,0.3286,jalar,0.0
0.8247,-0.6105,-0.4241,0.3228,0.3485,0.3286,jalar,0.0
0.6913,-0.6921,0.0198,0.3228,0.3485,0.3286,jalar,0.0
0.579,-0.8099,0.49,0.3228,0.3485,0.3286,jalar,0.0
0.5009,-0.9414,0.9338,0.3228,0.3485,0.3286,jalar,0.0
0.4497,-1.0309,1.2686,0.3228,0.3485,0.3286,jalar,0.0
0.399,-1.0806,1.5161,0.3228,0.3485,0.3286,jalar,0.0
0.3442,-1.0778,1.6395,0.3228,0.3485,0.3286,jalar,0.0
0.276,-1.0256,1.6682,0.3228,0.3485,0.3286,jalar,0.0
0.2089,-0.949,1.6302,0.3228,0.3485,0.3286,jalar,0.0
0.1636,-0.8965,1.5363,0.3228,0.3485,0.3286,jalar,0.0
0.1366,-0.8461,1.3986,0.3228,0.3485,0.3286,jalar,0.0
0.1097,-0.7976,1.2197,0.3228,0.3485,0.3286,jalar,0.0
0.0836,-0.7596,1.0295,0.3228,0.3485,0.3286,jalar,0.0
0.0646,-0.7241,0.8579,0.3228,0.3485,0.3286,jalar,0.0
0.0841,-0.6902,0.6982,0.3228,0.3485,0.3286,jalar,0.0
0.1064,-0.6768,0.5922,0.3228,0.3485,0.3286,jalar,0.0
0.1277,-0.6691,0.514,0.3228,0.3485,0.3286,jalar,0.0
0.1449,-0.655,0.4767,0.3228,0.3485,0.3286,jalar,0.0
0.1614,-0.6499,0.4567,0.3228,0.3485,0.3286,jalar,0.0
0.1702,-0.6511,0.4553,0.3228,0.3485,0.3286,jalar,0.0
0.1708,-0.6534,0.4502,0.3228,0.3485,0.3286,jalar,0.0
0.1725,-0.6561,0.4469,0.3228,0.3485,0.3286,jalar,0.0
0.1824,-0.6573,0.4635,0.3228,0.3485,0.3286,jalar,0.0
0.2045,-0.6672,0.4982,0.3228,0.3485,0.3286,jalar,0.0
0.2097,-0.676,0.5323,0.3228,0.3485,0.3286,jalar,0.0
0.2114,-0.6932,0.568,0.3228,0.3485,0.3286,jalar,0.0
0.2172,-0.7157,0.6005,0.3228,0.3485,0.3286,jalar,0.0
0.2233,-0.7396,0.6322,0.3228,0.3485,0.3286,jalar,0.0
0.2284,-0.7417,0.6575,0.3228,0.3485,0.3286,jalar,0.0
0.222,-0.7363,0.6748,0.3228,0.3485,0.3286,jalar,0.0
0.212,-0.7313,0.6854,0.3228,0.3485,0.3286,jalar,0.0
0.2086,-0.7344,0.6876,0.3228,0.3485,0.3286,jalar,0.0
0.208,-0.7354,0.6791,0.3228,0.3485,0.3286,jalar,0.0
0.2054,-0.7319,0.6702,0.3228,0.3485,0.3286,jalar,0.0
0.2056,-0.7241,0.6631,0.3228,0.3485,0.3286,jalar,0.0
0.207,-0.7257,0.6555,0.3228,0.3485,0.3286,jalar,0.0
0.2028,-0.7245,0.6467,0.3228,0.3485,0.3286,jalar,0.0
0.2018,-0.7211,0.6338,0.0001,0.0,0.9999,reves,0.0
0.2042,-0.7155,0.6205,0.0001,0.0,0.9999,reves,0.0
0.2023,-0.7122,0.6085,0.0001,0.0,0.9999,reves,0.0
0.205,-0.7183,0.6049,0.0001,0.0,0.9999,reves,0.0
0.2103,-0.7219,0.6119,0.0001,0.0,0.9999,reves,0.0
0.2145,-0.718,0.6058,0.0001,0.0,0.9999,reves,0.0
0.2141,-0.7159,0.5997,0.0001,0.0,0.9999,reves,0.0
0.2148,-0.7183,0.593,0.0001,0.0,0.9999,reves,0.0
0.2146,-0.7201,0.5815,0.0001,0.0,0.9999,reves,0.0
0.2136,-0.7213,0.5767,0.0001,0.0,0.9999,reves,0.0
0.2166,-0.7233,0.5775,0.0001,0.0,0.9999,reves,0.0
0.2187,-0.7308,0.5826,0.0001,0.0,0.9999,reves,0.0
0.2251,-0.7371,0.5902,0.0001,0.0,0.9999,reves,0.0
0.2257,-0.7468,0.5901,0.0001,0.0,0.9999,reves,0.0
0.2268,-0.7555,0.5879,0.0001,0.0,0.9999,reves,0.0
0.2334,-0.7593,0.5908,0.0001,0.0,0.9999,reves,0.0
0.2394,-0.7614,0.5961,0.0001,0.0,0.9999,reves,0.0
0.2396,-0.7579,0.6034,0.0001,0.0,0.9999,reves,0.0
0.2482,-0.7594,0.613,0.0001,0.0,0.9999,reves,0.0
0.2538,-0.766,0.6199,0.0001,0.0,0.9999,reves,0.0
0.2505,-0.7701,0.6266,0.0001,0.0,0.9999,reves,0.0
0.2559,-0.7705,0.6327,0.0001,0.0,0.9999,reves,0.0
0.2576,-0.7725,0.642,0.0001,0.0,0.9999,reves,0.0
0.2533,-0.7683,0.6384,0.0001,0.0,0.9999,reves,0.0
0.2462,-0.7588,0.631,0.0001,0.0,0.9999,reves,0.0
0.2415,-0.7489,0.6235,0.0001,0.0,0.9999,reves,0.0
0.2368,-0.7437,0.6219,0.0001,0.0,0.9999,reves,0.0
0.2323,-0.7384,0.6185,0.0001,0.0,0.9999,reves,0.0
0.2274,-0.7274,0.611,0.0001,0.0,0.9999,reves,0.0
0.2201,-0.7172,0.6018,0.0001,0.0,0.9999,reves,0.0
0.2152,-0.712,0.5927,0.0001,0.0,0.9999,reves,0.0
0.2117,-0.7122,0.5902,0.0001,0.0,0.9999,reves,0.0
0.2119,-0.7081,0.5908,0.0001,0.0,0.9999,reves,0.0
0.2117,-0.7058,0.5937,0.0001,0.0,0.9999,reves,0.0
0.21,-0.7078,0.5968,0.0001,0.0,0.9999,reves,0.0
0.2104,-0.7075,0.5996,0.0001,0.0,0.9999,reves,0.0
0.2104,-0.7122,0.6011,0.0001,0.0,0.9999,reves,0.0
0.2104,-0.7158,0.6028,0.0001,0.0,0.9999,reves,0.0
0.2124,-0.7162,0.6056,0.0001,0.0,0.9999,reves,0.0
0.2098,-0.7179,0.6071,0.0001,0.0,0.9999,reves,0.0
0.2104,-0.7194,0.6096,0.0001,0.0,0.9999,reves,0.0
0.212,-0.7231,0.6169,0.0001,0.0,0.9999,reves,0.0
0.2117,-0.7214,0.6222,0.0001,0.0,0.9999,reves,0.0
0.2112,-0.7206,0.6216,0.0001,0.0,0.9999,reves,0.0
0.2135,-0.7235,0.623,0.0001,0.0,0.9999,reves,0.0
0.2137,-0.7245,0.6233,0.0001,0.0,0.9999,reves,0.0
0.2131,-0.7207,0.6194,0.0001,0.0,0.9999,reves,0.0
0.2142,-0.7177,0.6154,0.0001,0.0,0.9999,reves,0.0
0.2117,-0.7152,0.6118,0.0001,0.0,0.9999,reves,0.0
0.2119,-0.7198,0.6099,0.0001,0.0,0.9999,reves,0.0
0.2155,-0.7234,0.6111,0.0001,0.0,0.9999,reves,0.0
0.2179,-0.7241,0.6144,0.0001,0.0,0.9999,reves,0.0
0.2227,-0.729,0.6204,0.0001,0.0,0.9999,reves,0.0
0.2228,-0.7324,0.6233,0.0001,0.0,0.9999,reves,0.0
0.2238,-0.7365,0.6222,0.0001,0.0,0.9999,reves,0.0
0.2233,-0.7363,0.6217,0.0001,0.0,0.9999,reves,0.0
0.2205,-0.7316,0.6189,0.0001,0.0,0.9999,reves,0.0
0.2181,-0.7273,0.6168,0.0001,0.0,0.9999,reves,0.0
0.2163,-0.724,0.6128,0.0001,0.0,0.9999,reves,0.0
0.2151,-0.7225,0.6088,0.0001,0.0,0.9999,reves,0.0
0.2141,-0.7194,0.6035,0.0001,0.0,0.9999,reves,0.0
0.2144,-0.7197,0.6014,0.0001,0.0,0.9999,reves,0.0
0.2161,-0.7212,0.5995,0.0001,0.0,0.9999,reves,0.0
0.2147,-0.7234,0.6008,0.0001,0.0,0.9999,reves,0.0
0.215,-0.7202,0.6045,0.0001,0.0,0.9999,reves,0.0
0.2167,-0.7194,0.6062,0.0001,0.0,0.9999,reves,0.0
0.2169,-0.7286,0.6085,0.0001,0.0,0.9999,reves,0.0
0.2172,-0.7313,0.611,0.0001,0.0,0.9999,reves,0.0
0.2191,-0.7281,0.6154,0.0001,0.0,0.9999,reves,0.0
0.2202,-0.7289,0.6188,0.0001,0.0,0.9999,reves,0.0
0.2178,-0.7332,0.6223,0.0001,0.0,0.9999,reves,0.0
0.2198,-0.7349,0.6246,0.0001,0.0,0.9999,reves,0.0
0.2195,-0.7368,0.623,0.0001,0.0,0.9999,reves,0.0
0.217,-0.738,0.6228,0.0001,0.0,0.9999,reves,0.0
0.2147,-0.7336,0.6182,0.0001,0.0,0.9999,reves,0.0
0.2153,-0.7322,0.6144,0.0001,0.0,0.9999,reves,0.0
0.212,-0.7283,0.6093,0.0001,0.0,0.9999,reves,0.0
0.2103,-0.7252,0.6023,0.0001,0.0,0.9999,reves,0.0
0.2096,-0.7288,0.5984,0.0001,0.0,0.9999,reves,0.0
0.2102,-0.7295,0.6011,0.0001,0.0,0.9999,reves,0.0
0.2123,-0.7253,0.6057,0.0001,0.0,0.9999,reves,0.0
0.2112,-0.724,0.6072,0.0001,0.0,0.9999,reves,0.0
0.2084,-0.7267,0.609,0.0001,0.0,0.9999,reves,0.0
0.2085,-0.7314,0.6096,0.0001,0.0,0.9999,reves,0.0
0.2074,-0.7321,0.611,0.0001,0.0,0.9999,reves,0.0
0.2063,-0.7303,0.6111,0.0001,0.0,0.9999,reves,0.0
0.2048,-0.731,0.6116,0.0001,0.0,0.9999,reves,0.0
0.2037,-0.7275,0.6101,0.0001,0.0,0.9999,reves,0.0
0.2036,-0.7277,0.6097,0.0001,0.0,0.9999,reves,0.0
0.2037,-0.728,0.611,0.0001,0.0,0.9999,reves,0.0
0.2051,-0.7238,0.6099,0.0001,0.0,0.9999,reves,0.0
0.2032,-0.722,0.6107,0.0001,0.0,0.9999,reves,0.0
0.2031,-0.7209,0.6091,0.0001,0.0,0.9999,reves,0.0
0.2028,-0.7212,0.6013,0.0001,0.0,0.9999,reves,0.0
0.2036,-0.7264,0.5978,0.0001,0.0,0.9999,reves,0.0
0.2074,-0.7318,0.5986,0.0001,0.0,0.9999,reves,0.0
0.2097,-0.7361,0.6022,0.0001,0.0,0.9999,reves,0.0
0.2092,-0.7351,0.6061,0.0001,0.0,0.9999,reves,0.0
0.2115,-0.7344,0.61,0.0001,0.0,0.9999,reves,0.0
0.2129,-0.7394,0.6143,0.0001,0.0,0.9999,reves,0.0
0.2136,-0.7439,0.6147,0.0001,0.0,0.9999,reves,0.0
0.2118,-0.7423,0.6144,0.0001,0.0,0.9999,reves,0.0
0.2102,-0.7399,0.6149,0.0001,0.0,0.9999,reves,0.0
0.2111,-0.7372,0.6133,0.0001,0.0,0.9999,reves,0.0
0.2098,-0.738,0.6155,0.0001,0.0,0.9999,reves,0.0
0.2084,-0.7372,0.6127,0.0001,0.0,0.9999,reves,0.0
0.2059,-0.7352,0.6094,0.0001,0.0,0.9999,reves,0.0
0.2067,-0.735,0.6091,0.0001,0.0,0.9999,reves,0.0
0.2065,-0.7356,0.6089,0.0001,0.0,0.9999,reves,0.0
0.2073,-0.7339,0.6127,0.0001,0.0,0.9999,reves,0.0
0.2087,-0.7308,0.6145,0.0001,0.0,0.9999,reves,0.0
0.2074,-0.7324,0.6167,0.0001,0.0,0.9999,reves,0.0
0.2084,-0.7356,0.6182,0.0001,0.0,0.9999,reves,0.0
0.2083,-0.7335,0.6174,0.0001,0.0,0.9999,reves,0.0
0.208,-0.7314,0.6156,0.0001,0.0,0.9999,reves,0.0
0.2063,-0.7314,0.6102,0.0001,0.0,0.9999,reves,0.0
0.2053,-0.7313,0.6116,0.0001,0.0,0.9999,reves,0.0
0.21,-0.729,0.6139,0.0001,0.0,0.9999,reves,0.0
0.2075,-0.7277,0.6136,0.0001,0.0,0.9999,reves,0.0
0.2061,-0.7261,0.6112,0.3228,0.3485,0.3286,jalar,0.0
0.2094,-0.7296,0.6111,0.3228,0.3485,0.3286,jalar,0.0
0.2076,-0.7312,0.6073,0.3228,0.3485,0.3286,jalar,0.0
0.2076,-0.7314,0.6046,0.3228,0.3485,0.3286,jalar,0.0
0.2061,-0.7316,0.6029,0.3228,0.3485,0.3286,jalar,0.0
0.2081,-0.7311,0.6019,0.3228,0.3485,0.3286,jalar,0.0
0.2067,-0.7316,0.6006,0.3228,0.3485,0.3286,jalar,0.0
0.2106,-0.7361,0.6041,0.3228,0.3485,0.3286,jalar,0.0
0.213,-0.7385,0.6112,0.3228,0.3485,0.3286,jalar,0.0
0.2174,-0.7344,0.6149,0.3228,0.3485,0.3286,jalar,0.0
0.2131,-0.7382,0.615,0.3228,0.3485,0.3286,jalar,0.0
0.2174,-0.7432,0.6122,0.3228,0.3485,0.3286,jalar,0.0
0.2159,-0.7467,0.6078,0.3228,0.3485,0.3286,jalar,0.0
0.2178,-0.7474,0.6118,0.3228,0.3485,0.3286,jalar,0.0
0.2179,-0.7471,0.6111,0.3228,0.3485,0.3286,jalar,0.0
0.2163,-0.7494,0.6172,0.3228,0.3485,0.3286,jalar,0.0
0.2163,-0.7482,0.6183,0.3228,0.3485,0.3286,jalar,0.0
0.2159,-0.7472,0.6196,0.3228,0.3485,0.3286,jalar,0.0
0.2112,-0.7472,0.6179,0.3228,0.3485,0.3286,jalar,0.0
0.2124,-0.7449,0.6169,0.3228,0.3485,0.3286,jalar,0.0
0.2118,-0.7405,0.6111,0.3228,0.3485,0.3286,jalar,0.0
0.2081,-0.7358,0.6045,0.3228,0.3485,0.3286,jalar,0.0
0.2058,-0.73,0.599,0.3228,0.3485,0.3286,jalar,0.0
0.2042,-0.7268,0.5907,0.3228,0.3485,0.3286,jalar,0.0
0.1996,-0.7274,0.5807,0.3228,0.3485,0.3286,jalar,0.0
0.1998,-0.7264,0.5756,0.3228,0.3485,0.3286,jalar,0.0
0.2029,-0.7275,0.5756,0.3228,0.3485,0.3286,jalar,0.0
0.2026,-0.7272,0.5762,0.3228,0.3485,0.3286,jalar,0.0
0.2031,-0.7269,0.5778,0.3228,0.3485,0.3286,jalar,0.0
0.2061,-0.7305,0.5804,0.3228,0.3485,0.3286,jalar,0.0
0.2037,-0.7247,0.5806,0.3228,0.3485,0.3286,jalar,0.0
0.2035,-0.7227,0.585,0.3228,0.3485,0.3286,jalar,0.0
0.2041,-0.72,0.5865,0.3228,0.3485,0.3286,jalar,0.0
0.2048,-0.7242,0.5898,0.3228,0.3485,0.3286,jalar,0.0
0.2032,-0.7244,0.5935,0.3228,0.3485,0.3286,jalar,0.0
0.2036,-0.7256,0.5963,0.3228,0.3485,0.3286,jalar,0.0
0.2028,-0.7285,0.6003,0.3228,0.3485,0.3286,jalar,0.0
0.2029,-0.7312,0.6041,0.3228,0.3485,0.3286,jalar,0.0
0.2021,-0.7319,0.606,0.3228,0.3485,0.3286,jalar,0.0
0.2006,-0.728,0.6084,0.3228,0.3485,0.3286,jalar,0.0
0.2013,-0.7291,0.6088,0.3228,0.3485,0.3286,jalar,0.0
0.2045,-0.7361,0.6111,0.3228,0.3485,0.3286,jalar,0.0
0.2076,-0.7399,0.614,0.3228,0.3485,0.3286,jalar,0.0
0.2092,-0.739,0.6178,0.3228,0.3485,0.3286,jalar,0.0
0.2086,-0.7358,0.6189,0.3228,0.3485,0.3286,jalar,0.0
0.2141,-0.7368,0.6282,0.3228,0.3485,0.3286,jalar,0.0
0.2164,-0.7432,0.6306,0.3228,0.3485,0.3286,jalar,0.0
0.2134,-0.7478,0.6302,0.3228,0.3485,0.3286,jalar,0.0
0.2135,-0.744,0.6274,0.3228,0.3485,0.3286,jalar,0.0
0.2123,-0.7391,0.6213,0.3228,0.3485,0.3286,jalar,0.0
0.2115,-0.735,0.6167,0.3228,0.3485,0.3286,jalar,0.0
0.2122,-0.7393,0.6116,0.3228,0.3485,0.3286,jalar,0.0
0.208,-0.7357,0.6046,0.3228,0.3485,0.3286,jalar,0.0
0.2067,-0.7285,0.5961,0.3228,0.3485,0.3286,jalar,0.0
0.2053,-0.7251,0.5884,0.3228,0.3485,0.3286,jalar,0.0
0.2039,-0.7191,0.5796,0.3228,0.3485,0.3286,jalar,0.0
0.205,-0.7173,0.5778,0.3228,0.3485,0.3286,jalar,0.0
0.2076,-0.7191,0.5835,0.3228,0.3485,0.3286,jalar,0.0
0.2104,-0.7239,0.5885,0.3228,0.3485,0.3286,jalar,0.0
0.2094,-0.7244,0.5906,0.3228,0.3485,0.3286,jalar,0.0
0.2102,-0.7245,0.5886,0.3228,0.3485,0.3286,jalar,0.0
0.2102,-0.7218,0.5885,0.3228,0.3485,0.3286,jalar,0.0
0.2137,-0.7319,0.5953,0.3228,0.3485,0.3286,jalar,0.0
0.2145,-0.7347,0.6022,0.3228,0.3485,0.3286,jalar,0.0
0.2147,-0.7356,0.6084,0.3228,0.3485,0.3286,jalar,0.0
0.2148,-0.7344,0.6136,0.3228,0.3485,0.3286,jalar,0.0
0.2184,-0.7397,0.6199,0.3228,0.3485,0.3286,jalar,0.0
0.219,-0.7448,0.6268,0.3228,0.3485,0.3286,jalar,0.0
0.2155,-0.7413,0.6238,0.3228,0.3485,0.3286,jalar,0.0
0.2104,-0.7384,0.6174,0.3228,0.3485,0.3286,jalar,0.0
0.2108,-0.7354,0.61,0.3228,0.3485,0.3286,jalar,0.0
0.2113,-0.7355,0.6064,0.3228,0.3485,0.3286,jalar,0.0
0.21,-0.7367,0.6018,0.3228,0.3485,0.3286,jalar,0.0
0.2062,-0.7345,0.595,0.3228,0.3485,0.3286,jalar,0.0
0.2042,-0.7288,0.5898,0.3228,0.3485,0.3286,jalar,0.0
0.2072,-0.7257,0.5886,0.3228,0.3485,0.3286,jalar,0.0
0.2103,-0.7336,0.5947,0.3228,0.3485,0.3286,jalar,0.0
0.2119,-0.736,0.6017,0.3228,0.3485,0.3286,jalar,0.0
0.2097,-0.733,0.6066,0.3228,0.3485,0.3286,jalar,0.0
0.2115,-0.7321,0.6084,0.3228,0.3485,0.3286,jalar,0.0
0.2125,-0.7344,0.6091,0.3228,0.3485,0.3286,jalar,0.0
0.2129,-0.74,0.6111,0.3228,0.3485,0.3286,jalar,0.0
0.2133,-0.7388,0.613,0.3228,0.3485,0.3286,jalar,0.0
0.214,-0.7358,0.6173,0.3228,0.3485,0.3286,jalar,0.0
0.2134,-0.7371,0.6195,0.3228,0.3485,0.3286,jalar,0.0
0.2125,-0.7362,0.6172,0.3228,0.3485,0.3286,jalar,0.0
0.2146,-0.7422,0.6178,0.3228,0.3485,0.3286,jalar,0.0
0.2148,-0.7472,0.6151,0.3228,0.3485,0.3286,jalar,0.0
0.2107,-0.7455,0.6112,0.3228,0.3485,0.3286,jalar,0.0
0.2104,-0.7394,0.608,0.3228,0.3485,0.3286,jalar,0.0
0.2102,-0.7318,0.6047,0.3228,0.3485,0.3286,jalar,0.0
0.2074,-0.7341,0.6019,0.3228,0.3485,0.3286,jalar,0.0
0.2063,-0.7346,0.5995,0.3228,0.3485,0.3286,jalar,0.0
0.2053,-0.7305,0.593,0.3228,0.3485,0.3286,jalar,0.0
0.2059,-0.7279,0.589,0.3228,0.3485,0.3286,jalar,0.0
0.2063,-0.7285,0.5898,0.3228,0.3485,0.3286,jalar,0.0
0.2073,-0.7334,0.5951,0.3228,0.3485,0.3286,jalar,0.0
0.2097,-0.7349,0.6008,0.3228,0.3485,0.3286,jalar,0.0
0.2057,-0.7333,0.6024,0.3228,0.3485,0.3286,jalar,0.0
0.2106,-0.7335,0.6096,0.3228,0.3485,0.3286,jalar,0.0
0.2102,-0.7328,0.6139,0.3228,0.3485,0.3286,jalar,0.0
0.2063,-0.7328,0.6174,0.3228,0.3485,0.3286,jalar,0.0
0.2059,-0.7318,0.616,0.3228,0.3485,0.3286,jalar,0.0
0.2053,-0.73,0.6139,0.3228,0.3485,0.3286,jalar,0.0
0.2065,-0.7327,0.6149,0.3228,0.3485,0.3286,jalar,0.0
0.209,-0.7323,0.6123,0.3228,0.3485,0.3286,jalar,0.0
0.2052,-0.7329,0.6082,0.3228,0.3485,0.3286,jalar,0.0
0.2061,-0.7308,0.6038,0.3228,0.3485,0.3286,jalar,0.0
0.208,-0.7302,0.6012,0.3228,0.3485,0.3286,jalar,0.0
0.2063,-0.7283,0.5994,0.3228,0.3485,0.3286,jalar,0.0
0.2078,-0.7316,0.6012,0.3228,0.3485,0.3286,jalar,0.0
0.2113,-0.7322,0.603,0.3228,0.3485,0.3286,jalar,0.0
0.2115,-0.7358,0.6049,0.3228,0.3485,0.3286,jalar,0.0
0.2123,-0.7358,0.6073,0.3228,0.3485,0.3286,jalar,0.0
0.2161,-0.7383,0.6121,0.3228,0.3485,0.3286,jalar,0.0
0.2167,-0.7378,0.6168,0.3228,0.3485,0.3286,jalar,0.0
0.2158,-0.7379,0.6189,0.3228,0.3485,0.3286,jalar,0.0
0.217,-0.7395,0.621,0.3228,0.3485,0.3286,jalar,0.0
0.2161,-0.739,0.6196,0.3228,0.3485,0.3286,jalar,0.0
0.212,-0.7374,0.6143,0.3228,0.3485,0.3286,jalar,0.0
0.2075,-0.7386,0.6134,0.3228,0.3485,0.3286,jalar,0.0
0.2106,-0.7438,0.6187,0.3228,0.3485,0.3286,jalar,0.0
0.2114,-0.7347,0.6021,0.3228,0.3485,0.3286,jalar,0.0
0.199,-0.7328,0.5994,0.3228,0.3485,0.3286,jalar,0.0
0.204,-0.7223,0.5906,0.3228,0.3485,0.3286,jalar,0.0
0.2032,-0.7258,0.5957,0.3228,0.3485,0.3286,jalar,0.0
0.2039,-0.7317,0.6008,0.3228,0.3485,0.3286,jalar,0.0
0.2059,-0.7335,0.6039,0.3228,0.3485,0.3286,jalar,0.0
0.2058,-0.7338,0.6063,0.3228,0.3485,0.3286,jalar,0.0
0.2085,-0.7362,0.6095,0.3228,0.3485,0.3286,jalar,0.0
0.2125,-0.7386,0.6115,0.3228,0.3485,0.3286,jalar,0.0
0.21,-0.7393,0.613,0.3228,0.3485,0.3286,jalar,0.0
0.2101,-0.7358,0.6125,0.3228,0.3485,0.3286,jalar,0.0
0.2113,-0.7334,0.6127,0.3228,0.3485,0.3286,jalar,0.0
0.2117,-0.7355,0.6146,0.3228,0.3485,0.3286,jalar,0.0
0.2101,-0.7367,0.6138,0.3228,0.3485,0.3286,jalar,0.0
0.2086,-0.7313,0.6132,0.3228,0.3485,0.3286,jalar,0.0
0.21,-0.7275,0.6105,0.3228,0.3485,0.3286,jalar,0.0
0.2074,-0.7267,0.61,0.3228,0.3485,0.3286,jalar,0.0
0.207,-0.7261,0.6071,0.3228,0.3485,0.3286,jalar,0.0
0.2056,-0.7203,0.6049,0.3228,0.3485,0.3286,jalar,0.0
0.2032,-0.7217,0.6039,0.3228,0.3485,0.3286,jalar,0.0
